id,name,degree,degree_rank,eigenvector,eigenvector_rank,closeness,closeness_rank
17495,Andrea Nahles,72,102,0.09533580238240587,30,0.25094738697453073,320
7860,Barbara Hendricks,64,129,0.08907855210163425,33,0.2528750943563785,283
15475,Bärbel Kofler,66,120,0.0881332135805625,34,0.25105801445953096,317
