id,name,degree,norm_degree,eigenvector,closeness,degree_rank,eigenvector_rank,closeness_rank,betweenness,betweenness_rank
19877,Tanja Fajon,45,0.007901668129938543,0.007994579523073092,0.30204189870060993,279,302,4,0.021674493927953554,27
6357,Mariano Rajoy Brey,64,0.011237928007023706,0.0040065756037719865,0.2992800462452047,129,415,6,0.027646741906177857,19
5448,Hillary Clinton,61,0.010711150131694469,0.0076632443002513425,0.29382932617892893,141,311,10,0.0702197267032408,2
